animal_ID,larvae_length_pixel_raw,larvae_length_pixel,tray_width_pixel,larvae_length_mm,treatment_odor,starved,hatch_date,experiment_date,acclimate_start,experiment_start,sex,dead,start_hour,start_min,minutes_past_L
170407-05-top,40.0,40,540,5.9,naive_100ul_left_milliQ_water,no,170402,170407,13:42,13:57,f,no,13,42,297
170407-06-top,39.0,39,543,5.7,naive_100ul_left_milliQ_water,no,170402,170407,14:15,14:30,f,no,14,15,330
170407-07-top,42.0,42,542,6.2,naive_100ul_left_milliQ_water,no,170402,170407,14:48,15:03,f,no,14,48,363
170407-08-top,41.0,41,546,6.0,naive_100ul_left_milliQ_water,no,170402,170407,15:21,15:36,m,no,15,21,396
170407-09-top,41.0,41,549,6.0,naive_100ul_left_milliQ_water,no,170402,170407,15:55,16:10,m,no,15,55,430
170407-10-top,42.0,42,545,6.2,naive_100ul_left_milliQ_water,no,170402,170407,16:30,16:45,f,no,16,30,465
170413-12-top,42.0,42,545,6.2,naive_100ul_left_milliQ_water,no,170408,170413,15:17,15:32,m,no,15,17,392
170413-13-top,46.0,46,547,6.7,naive_100ul_left_milliQ_water,no,170408,170413,15:50,16:05,m,no,15,50,425
170413-14-top,50.0,50,549,7.3,naive_100ul_left_milliQ_water,no,170408,170413,16:25,16:40,f,no,16,25,460
170413-15-top,46.0,46,548,6.7,naive_100ul_left_milliQ_water,no,170408,170413,16:57,17:12,f,no,16,57,492
170414-16-top,51.0,51,536,7.6,naive_100ul_left_milliQ_water,no,170409,170414,13:40,13:55,f,no,13,40,295
170414-17-top,51.0,51,541,7.5,naive_100ul_left_milliQ_water,no,170409,170414,14:14,14:29,f,no,14,14,329
170414-18-top,42.0,42,545,6.2,naive_100ul_left_milliQ_water,no,170409,170414,14:47,15:02,f,no,14,47,362
170414-19-top,49.0,49,548,7.2,naive_100ul_left_milliQ_water,no,170409,170414,15:21,15:36,f,no,15,21,396
170414-20-top,46.0,46,548,6.7,naive_100ul_left_milliQ_water,no,170409,170414,15:55,16:10,f,no,15,55,430
170428-01-bottom,35.0,35,496,5.6,naive_100ul_left_food_05percent,1day,170423,170428,13:54,14:09,m,no,13,54,309
170428-01-top,46.0,46,540,6.8,naive_100ul_left_food_05percent,1day,170423,170428,13:54,14:09,f,no,13,54,309
170428-02-bottom,39.0,39,487,6.4,naive_100ul_left_food_05percent,1day,170423,170428,14:30,14:45,m,no,14,30,345
170428-02-top,42.358999999999995,42,515,6.5,naive_100ul_left_food_05percent,1day,170423,170428,14:30,14:45,f,no,14,30,345
170428-03-bottom,39.0,39,505,6.2,naive_100ul_left_food_05percent,1day,170423,170428,15:06,15:21,f,no,15,6,381
170428-03-top,37.0,37,518,5.7,naive_100ul_left_food_05percent,1day,170423,170428,15:06,15:21,m,no,15,6,381
170428-04-bottom,39.0,39,511,6.1,naive_100ul_left_food_05percent,1day,170423,170428,15:43,15:58,f,no,15,43,418
170428-04-top,40.0,40,522,6.1,naive_100ul_left_food_05percent,1day,170423,170428,15:43,15:58,f,no,15,43,418
170428-05-bottom,37.0,37,499,5.9,naive_100ul_left_food_05percent,1day,170423,170428,16:21,16:36,f,no,16,21,456
170428-05-top,46.0,46,521,7.1,naive_100ul_left_food_05percent,1day,170423,170428,16:21,16:36,f,no,16,21,456
170501-01-bottom,34.0,34,504,5.4,naive_100ul_left_food_05percent,1day,170426,170501,15:40,15:55,f,no,15,40,415
170501-01-top,37.0,37,517,5.7,naive_100ul_left_food_05percent,1day,170426,170501,15:40,15:55,m,no,15,40,415
170501-02-bottom,33.0,33,496,5.3,naive_100ul_left_food_05percent,1day,170426,170501,16:16,16:31,f,no,16,16,451
170501-02-top,34.0,34,505,5.4,naive_100ul_left_food_05percent,1day,170426,170501,16:16,16:31,m,no,16,16,451
170504-01-bottom,36.0,36,529,5.4,naive_100ul_left_food_05percent,1day,170429,170504,14:40,14:55,m,no,14,40,355
170504-01-top,40.0,40,541,5.9,naive_100ul_left_food_05percent,1day,170429,170504,14:40,14:55,f,no,14,40,355
170504-02-bottom,33.0,33,532,5.0,naive_100ul_left_food_05percent,1day,170429,170504,15:26,15:41,m,no,15,26,401
170504-02-top,36.0,36,540,5.3,naive_100ul_left_food_05percent,1day,170429,170504,15:26,15:41,m,no,15,26,401
170504-03-bottom,39.0,39,528,5.9,naive_100ul_left_food_05percent,1day,170429,170504,16:02,16:17,m,no,16,2,437
170504-03-top,41.0,41,546,6.0,naive_100ul_left_food_05percent,1day,170429,170504,16:02,16:17,f,no,16,2,437
170504-04-bottom,34.0,34,529,5.1,naive_100ul_left_food_05percent,1day,170429,170504,16:38,16:53,m,no,16,38,473
170504-04-top,35.0,35,554,5.1,naive_100ul_left_food_05percent,1day,170429,170504,16:38,16:53,f,no,16,38,473
170505-01-bottom,38.0,38,520,5.8,naive_100ul_left_food_05percent,1day,170430,170505,14:35,14:50,f,no,14,35,350
170505-01-top,38.0,38,545,5.6,naive_100ul_left_food_05percent,1day,170430,170505,14:35,14:50,m,no,14,35,350
170505-02-bottom,39.0,39,526,5.9,naive_100ul_left_food_05percent,1day,170430,170505,15:10,15:25,f,no,15,10,385
170505-02-top,39.0,39,549,5.7,naive_100ul_left_food_05percent,1day,170430,170505,15:10,15:25,f,no,15,10,385
170505-03-bottom,32.0,32,528,4.8,naive_100ul_left_food_05percent,1day,170430,170505,15:43,15:58,f,no,15,43,418
170505-03-top,36.0,36,540,5.3,naive_100ul_left_food_05percent,1day,170430,170505,15:43,15:58,m,no,15,43,418
170505-04-bottom,34.0,34,523,5.2,naive_100ul_left_food_05percent,1day,170430,170505,16:30,16:45,f,no,16,30,465
170508-01-bottom,37.0,37,527,5.6,naive_100ul_left_milliQ_water,no,170503,170508,15:44,15:59,f,no,15,44,419
170508-01-top,35.0,35,542,5.2,naive_100ul_left_milliQ_water,no,170503,170508,15:44,15:59,m,no,15,44,419
170508-02-bottom,35.0,35,529,5.3,naive_100ul_left_milliQ_water,no,170503,170508,16:18,16:33,f,no,16,18,453
170508-02-top,42.0,42,545,6.2,naive_100ul_left_milliQ_water,no,170503,170508,16:18,16:33,m,no,16,18,453
170508-03-bottom,45.0,45,530,6.8,naive_100ul_left_milliQ_water,no,170503,170508,16:52,17:07,f,no,16,52,487
170512-01-bottom,47.0,47,524,7.2,naive_100ul_left_milliQ_water,no,170507,170512,13:34,13:39,f,no,13,34,279
170512-01-top,49.0,49,541,7.2,naive_100ul_left_milliQ_water,no,170507,170512,13:34,13:39,f,no,13,34,279
170512-02-bottom,41.0,41,528,6.2,naive_100ul_left_milliQ_water,no,170507,170512,14:09,14:24,f,no,14,9,324
170512-02-top,49.0,49,540,7.3,naive_100ul_left_milliQ_water,no,170507,170512,14:09,14:24,f,no,14,9,324
170512-03-bottom,44.0,44,530,6.6,naive_100ul_left_milliQ_water,no,170507,170512,14:45,15:00,m,no,14,45,360
170512-03-top,36.0,36,548,5.3,naive_100ul_left_milliQ_water,no,170507,170512,14:45,15:00,m,no,14,45,360
170512-04-bottom,42.0,42,535,6.3,naive_100ul_left_milliQ_water,no,170507,170512,15:22,15:37,f,no,15,22,397
170512-04-top,48.0,48,545,7.0,naive_100ul_left_milliQ_water,no,170507,170512,15:22,15:37,f,no,15,22,397
170512-05-bottom,41.0,41,534,6.1,naive_100ul_left_milliQ_water,no,170507,170512,16:01,16:16,f,no,16,1,436
170512-05-top,45.0,45,543,6.6,naive_100ul_left_milliQ_water,no,170507,170512,16:01,16:16,m,no,16,1,436
170512-06-bottom,40.0,40,525,6.1,naive_100ul_left_milliQ_water,no,170507,170512,16:36,16:57,m,no,16,36,477
170512-06-top,47.0,47,552,6.8,naive_100ul_left_milliQ_water,no,170507,170512,16:36,16:57,f,no,16,36,477
170515-01-bottom,43.0,43,517,6.7,naive_100ul_left_food_05percent,no,170510,170515,15:44,15:59,f,no,15,44,419
170515-01-top,46.0,46,549,6.7,naive_100ul_left_food_05percent,no,170510,170515,15:44,15:59,f,no,15,44,419
170515-02-bottom,43.0,43,530,6.5,naive_100ul_left_food_05percent,no,170510,170515,16:20,16:35,f,no,16,20,455
170515-02-top,41.0,41,550,6.0,naive_100ul_left_food_05percent,no,170510,170515,16:20,16:35,m,no,16,20,455
170517-01-bottom,40.0,40,532,6.0,naive_100ul_left_food_05percent,no,170512,170517,10:20,10:35,f,no,10,20,95
170517-02-bottom,41.0,41,533,6.2,naive_100ul_left_food_05percent,no,170512,170517,10:55,11:10,f,no,10,55,130
170517-02-top,44.0,44,543,6.5,naive_100ul_left_food_05percent,no,170512,170517,10:55,11:10,f,no,10,55,130
170517-03-bottom,40.0,40,536,6.0,naive_100ul_left_food_05percent,no,170512,170517,11:35,11:50,m,no,11,35,170
170517-03-top,36.0,36,540,5.3,naive_100ul_left_food_05percent,no,170512,170517,11:35,11:50,m,no,11,35,170
170517-04-bottom,38.0,38,540,5.6,naive_100ul_left_food_05percent,no,170512,170517,13:20,13:35,m,no,13,20,275
170517-04-top,46.0,46,544,6.8,naive_100ul_left_food_05percent,no,170512,170517,13:20,13:35,f,no,13,20,275
170517-05-bottom,36.0,36,536,5.4,naive_100ul_left_food_05percent,no,170512,170517,14:00,14:14,f,no,14,0,314
170517-06-bottom,45.0,45,529,6.8,naive_100ul_left_food_05percent,no,170512,170517,14:40,14:55,m,no,14,40,355
170517-06-top,33.0,33,546,4.8,naive_100ul_left_food_05percent,no,170512,170517,14:40,14:55,f,no,14,40,355
170517-07-bottom,38.0,38,528,5.8,naive_100ul_left_food_05percent,no,170512,170517,15:30,15:45,f,no,15,30,405
170517-07-top,38.0,38,546,5.6,naive_100ul_left_food_05percent,no,170512,170517,15:30,15:45,m,no,15,30,405
170518-01-bottom,39.0,39,522,6.0,naive_100ul_left_food_05percent,no,170513,170518,14:40,14:55,f,no,14,40,355
170518-01-top,37.0,37,545,5.4,naive_100ul_left_food_05percent,no,170513,170518,14:40,14:55,m,no,14,40,355
170518-02-bottom,47.0,47,532,7.1,naive_100ul_left_food_05percent,no,170513,170518,15:15,15:30,f,no,15,15,390
170518-02-top,43.0,43,541,6.4,naive_100ul_left_food_05percent,no,170513,170518,15:15,15:30,f,no,15,15,390
170518-03-bottom,48.0,48,535,7.2,naive_100ul_left_food_05percent,no,170513,170518,15:50,16:05,f,no,15,50,425
170518-03-top,42.0,42,536,6.3,naive_100ul_left_food_05percent,no,170513,170518,15:50,16:05,m,no,15,50,425
170518-04-bottom,41.0,41,535,6.1,naive_100ul_left_food_05percent,no,170513,170518,16:25,16:40,m,no,16,25,460
170518-04-top,41.0,41,533,6.2,naive_100ul_left_food_05percent,no,170513,170518,16:25,16:40,m,no,16,25,460
170519-01-bottom,32.0,32,534,4.8,naive_100ul_left_food_05percent,no,170514,170519,13:45,14:00,m,no,13,45,300
170519-02-bottom,38.0,38,524,5.8,naive_100ul_left_food_05percent,no,170514,170519,14:20,14:35,m,no,14,20,335
170519-02-top,38.0,38,551,5.5,naive_100ul_left_food_05percent,no,170514,170519,14:20,14:35,m,no,14,20,335
170522-03-bottom,39.0,39,527,5.9,naive_100ul_left_food_05percent,no,170517,170522,9:40,9:55,f,no,9,40,55
170522-03-top,38.0,38,544,5.6,naive_100ul_left_food_05percent,no,170517,170522,9:40,9:55,m,no,9,40,55
170522-04-bottom,45.0,45,539,6.7,naive_100ul_left_food_05percent,no,170517,170522,10:15,10:30,f,no,10,15,90
170522-04-top,39.0,39,543,5.7,naive_100ul_left_food_05percent,no,170517,170522,10:15,10:30,m,no,10,15,90
170522-05-top,36.0,36,543,5.3,naive_100ul_left_food_05percent,no,170517,170522,10:55,11:10,m,no,10,55,130
170522-06-top,38.0,38,546,5.6,naive_100ul_left_food_05percent,no,170517,170522,11:30,11:45,m,no,11,30,165
170522-07-bottom,35.0,35,528,5.3,naive_100ul_left_food_05percent,no,170517,170522,12:05,12:20,f,no,12,5,200
170522-07-top,39.0,39,548,5.7,naive_100ul_left_food_05percent,no,170517,170522,12:05,12:20,m,no,12,5,200
170522-08-bottom,39.0,39,532,5.9,naive_100ul_left_food_05percent,no,170517,170522,13:05,13:20,m,no,13,5,260
170522-08-top,40.0,40,543,5.9,naive_100ul_left_food_05percent,no,170517,170522,13:05,13:20,m,no,13,5,260
170522-09-bottom,47.0,47,539,7.0,naive_100ul_left_food_05percent,no,170517,170522,13:45,14:00,f,no,13,45,300
170522-09-top,38.0,38,542,5.6,naive_100ul_left_food_05percent,no,170517,170522,13:45,14:00,f,no,13,45,300
170522-10-bottom,35.0,35,534,5.2,naive_100ul_left_food_05percent,no,170517,170522,14:20,14:35,f,no,14,20,335
170522-10-top,38.0,38,552,5.5,naive_100ul_left_food_05percent,no,170517,170522,14:20,14:35,m,no,14,20,335
170522-11-bottom,41.0,41,545,6.0,naive_100ul_left_food_05percent,no,170517,170522,15:40,15:55,m,no,15,40,415
170522-11-top,44.0,44,539,6.5,naive_100ul_left_food_05percent,no,170517,170522,15:40,15:55,f,no,15,40,415
170522-12-bottom,42.0,42,524,6.4,naive_100ul_left_food_05percent,no,170517,170522,16:15,16:30,f,no,16,15,450
170522-12-top,43.0,43,545,6.3,naive_100ul_left_food_05percent,no,170517,170522,16:15,16:30,m,no,16,15,450
170522-13-bottom,38.0,38,529,5.7,naive_100ul_left_food_05percent,no,170517,170522,16:52,17:07,f,no,16,52,487
170522-13-top,48.0,48,541,7.1,naive_100ul_left_food_05percent,no,170517,170522,16:52,17:07,f,no,16,52,487
170523-03-bottom,46.0,46,535,6.9,naive_100ul_left_quinine_10mM,no,170518,170523,9:30,9:45,f,no,9,30,45
170523-03-top,37.0,37,538,5.5,naive_100ul_left_quinine_10mM,no,170518,170523,9:30,9:45,m,no,9,30,45
170523-04-bottom,48.0,48,531,7.2,naive_100ul_left_quinine_10mM,no,170518,170523,10:05,10:20,f,no,10,5,80
170523-04-top,34.0,34,547,5.0,naive_100ul_left_quinine_10mM,no,170518,170523,10:05,10:20,m,no,10,5,80
170523-05-bottom,44.0,44,529,6.7,naive_100ul_left_quinine_10mM,no,170518,170523,10:40,10:55,f,no,10,40,115
170523-05-top,41.0,41,546,6.0,naive_100ul_left_quinine_10mM,no,170518,170523,10:40,10:55,f,no,10,40,115
170523-06-bottom,45.0,45,535,6.7,naive_100ul_left_quinine_10mM,no,170518,170523,11:15,11:30,f,no,11,15,150
170523-06-top,36.0,36,543,5.3,naive_100ul_left_quinine_10mM,no,170518,170523,11:15,11:30,m,no,11,15,150
170523-07-bottom,40.0,40,522,6.1,naive_100ul_left_milliQ_water,no,170518,170523,13:20,13:35,m,no,13,20,275
170523-07-top,38.0,38,547,5.6,naive_100ul_left_milliQ_water,no,170518,170523,13:20,13:35,f,no,13,20,275
170523-08-bottom,43.0,43,536,6.4,naive_100ul_left_milliQ_water,no,170518,170523,14:00,14:15,f,no,14,0,315
170523-08-top,43.0,43,548,6.3,naive_100ul_left_milliQ_water,no,170518,170523,14:00,14:15,f,no,14,0,315
170523-09-bottom,41.0,41,535,6.1,naive_100ul_left_milliQ_water,no,170518,170523,14:35,14:50,m,no,14,35,350
170523-09-top,47.0,47,551,6.8,naive_100ul_left_milliQ_water,no,170518,170523,14:35,14:50,f,no,14,35,350
170523-10-top,39.0,39,547,5.7,naive_100ul_left_milliQ_water,no,170518,170523,15:10,15:25,m,no,15,10,385
170523-11-top,39.0,39,544,5.7,naive_100ul_left_food_05percent,1day,170518,170523,16:30,16:45,m,no,16,30,465
170523-12-bottom,36.0,36,526,5.5,naive_100ul_left_food_05percent,1day,170518,170523,17:05,17:20,f,no,17,5,500
170523-12-top,43.0,43,548,6.3,naive_100ul_left_food_05percent,1day,170518,170523,17:05,17:20,f,no,17,5,500
170524-03-bottom,44.0,44,532,6.6,naive_100ul_left_quinine_10mM,no,170519,170524,9:10,9:25,m,no,9,10,25
170524-03-top,35.0,35,542,5.2,naive_100ul_left_quinine_10mM,no,170519,170524,9:10,9:25,m,no,9,10,25
170524-06-top,43.0,43,541,6.4,naive_100ul_left_quinine_10mM,no,170519,170524,10:55,11:10,m,no,10,55,130
170524-08-bottom,45.0,45,540,6.7,naive_100ul_left_quinine_10mM,no,170519,170524,14:05,14:20,f,no,14,5,320
170524-08-top,47.0,47,542,6.9,naive_100ul_left_quinine_10mM,no,170519,170524,14:05,14:20,m,no,14,5,320
170524-09-bottom,38.0,38,529,5.7,naive_100ul_left_food_05percent,no,170519,170524,15:20,15:35,m,no,15,20,395
170524-10-top,38.0,38,541,5.6,naive_100ul_left_food_05percent,no,170519,170524,15:55,16:10,f,no,15,55,430
170524-11-bottom,36.0,36,524,5.5,naive_100ul_left_food_05percent,no,170519,170524,16:35,16:50,f,no,16,35,470
170524-11-top,45.0,45,545,6.6,naive_100ul_left_food_05percent,no,170519,170524,16:35,16:50,f,no,16,35,470
170525-01-bottom,43.0,43,522,6.6,naive_100ul_left_food_05percent,no,170520,170525,14:37,14:52,m,no,14,37,352
170525-01-top,43.0,43,545,6.3,naive_100ul_left_food_05percent,no,170520,170525,14:37,14:52,f,no,14,37,352
170525-02-bottom,40.0,40,525,6.1,naive_100ul_left_food_05percent,no,170520,170525,15:12,15:27,m,no,15,12,387
170525-02-top,45.0,45,558,6.5,naive_100ul_left_food_05percent,no,170520,170525,15:12,15:27,f,no,15,12,387
170525-03-bottom,50.0,50,536,7.5,naive_100ul_left_food_05percent,no,170520,170525,15:47,16:02,f,no,15,47,422
170525-03-top,52.0,52,544,7.6,naive_100ul_left_food_05percent,no,170520,170525,15:47,16:02,f,no,15,47,422
170526-01-bottom,44.0,44,527,6.7,naive_100ul_left_quinine_10mM,no,170521,170526,13:56,14:11,f,no,13,56,311
170526-01-top,46.0,46,543,6.8,naive_100ul_left_quinine_10mM,no,170521,170526,13:56,14:11,f,no,13,56,311
170526-02-top,40.0,40,545,5.9,naive_100ul_left_quinine_10mM,no,170521,170526,14:35,14:50,m,no,14,35,350
170526-03-bottom,33.0,33,527,5.0,naive_100ul_left_quinine_10mM,no,170521,170526,15:13,15:28,f,no,15,13,388
170526-03-top,43.0,43,537,6.4,naive_100ul_left_quinine_10mM,no,170521,170526,15:13,15:28,f,no,15,13,388
170526-04-bottom,42.0,42,529,6.4,naive_100ul_left_indole_100uM,no,170521,170526,15:53,16:08,m,no,15,53,428
170526-04-top,39.0,39,530,5.9,naive_100ul_left_indole_100uM,no,170521,170526,15:53,16:08,f,no,15,53,428
170526-05-bottom,35.0,35,527,5.3,naive_100ul_left_indole_100uM,no,170521,170526,16:31,16:46,m,no,16,31,466
170526-05-top,37.0,37,537,5.5,naive_100ul_left_indole_100uM,no,170521,170526,16:31,16:46,m,no,16,31,466
170530-01-bottom,48.0,48,532,7.2,naive_100ul_left_indole_100uM,no,170525,170530,9:30,9:45,f,no,9,30,45
170530-01-top,48.0,48,545,7.0,naive_100ul_left_indole_100uM,no,170525,170530,9:30,9:45,f,no,9,30,45
170530-02-bottom,48.0,48,526,7.3,naive_100ul_left_indole_100uM,no,170525,170530,10:05,10:20,f,no,10,5,80
170530-02-top,42.0,42,547,6.1,naive_100ul_left_indole_100uM,no,170525,170530,10:05,10:20,m,no,10,5,80
170530-03-bottom,48.0,48,528,7.3,naive_100ul_left_indole_100uM,no,170525,170530,10:40,10:55,f,no,10,40,115
170530-03-top,44.0,44,554,6.4,naive_100ul_left_indole_100uM,no,170525,170530,10:40,10:55,m,no,10,40,115
170530-04-bottom,36.0,36,527,5.5,naive_100ul_left_indole_100uM,no,170525,170530,11:15,11:30,m,no,11,15,150
170530-04-top,40.0,40,546,5.9,naive_100ul_left_indole_100uM,no,170525,170530,11:15,11:30,m,no,11,15,150
170530-05-bottom,42.0,42,526,6.4,naive_100ul_left_indole_100uM,no,170525,170530,16:15,16:30,f,no,16,15,450
170530-05-top,49.0,49,545,7.2,naive_100ul_left_indole_100uM,no,170525,170530,16:15,16:30,f,no,16,15,450
170530-06-bottom,48.0,48,524,7.3,naive_100ul_left_indole_100uM,no,170525,170530,16:50,17:05,f,no,16,50,485
170530-06-top,37.0,37,535,5.5,naive_100ul_left_indole_100uM,no,170525,170530,16:50,17:05,m,no,16,50,485
170530-07-bottom,46.0,46,531,6.9,naive_100ul_left_indole_100uM,no,170525,170530,17:35,17:50,f,no,17,35,530
170530-07-top,45.0,45,540,6.7,naive_100ul_left_indole_100uM,no,170525,170530,17:35,17:50,m,no,17,35,530
170531-02-bottom,43.0,43,529,6.5,naive_100ul_left_indole_100uM,no,170526,170531,9:15,9:30,m,no,9,15,30
170531-03-top,35.0,35,538,5.2,naive_100ul_left_indole_100uM,no,170526,170531,9:50,10:05,f,no,9,50,65
170531-04-bottom,39.0,39,527,5.9,naive_100ul_left_indole_100uM,no,170526,170531,10:25,10:40,f,no,10,25,100
170531-04-top,41.0,41,546,6.0,naive_100ul_left_indole_100uM,no,170526,170531,10:25,10:40,m,no,10,25,100
170531-05-bottom,33.0,33,529,5.0,naive_100ul_left_indole_100uM,no,170526,170531,11:10,11:25,m,no,11,10,145
170531-05-top,44.0,44,544,6.5,naive_100ul_left_indole_100uM,no,170526,170531,11:10,11:25,f,no,11,10,145
170531-06-bottom,40.0,40,526,6.1,naive_100ul_left_indole_100uM,no,170526,170531,11:45,12:00,f,no,11,45,180
170531-07-bottom,44.0,44,534,6.6,naive_100ul_left_indole_100uM,no,170526,170531,13:00,13:15,f,no,13,0,255
170531-07-top,42.0,42,538,6.2,naive_100ul_left_indole_100uM,no,170526,170531,13:00,13:15,f,no,13,0,255
170531-08-bottom,40.0,40,538,5.9,naive_100ul_left_indole_100uM,no,170526,170531,13:35,13:50,f,no,13,35,290
170531-08-top,38.0,38,538,5.7,naive_100ul_left_indole_100uM,no,170526,170531,13:35,13:50,f,no,13,35,290
170531-09-bottom,38.0,38,526,5.8,naive_100ul_left_indole_100uM,no,170526,170531,14:10,14:25,m,no,14,10,325
170531-09-top,46.0,46,540,6.8,naive_100ul_left_indole_100uM,no,170526,170531,14:10,14:25,f,no,14,10,325
170531-10-top,39.0,39,541,5.8,naive_100ul_left_indole_100uM,no,170526,170531,14:45,15:00,m,no,14,45,360
170531-11-bottom,39.0,39,529,5.9,naive_100ul_left_indole_100uM,no,170526,170531,15:20,15:35,m,no,15,20,395
170531-11-top,41.0,41,541,6.1,naive_100ul_left_indole_100uM,no,170526,170531,15:20,15:35,m,no,15,20,395
170601-01-bottom,46.0,46,524,7.0,naive_100ul_left_indole_100uM,no,170527,170601,11:15,11:30,f,no,11,15,150
170601-01-top,46.0,46,543,6.8,naive_100ul_left_indole_100uM,no,170527,170601,11:15,11:30,f,no,11,15,150
170601-02-bottom,36.0,36,519,5.5,naive_100ul_left_quinine_10mM,no,170527,170601,15:10,15:25,m,no,15,10,385
170601-02-top,46.0,46,536,6.9,naive_100ul_left_quinine_10mM,no,170527,170601,15:10,15:25,f,no,15,10,385
170601-03-bottom,40.0,40,526,6.1,naive_100ul_left_quinine_10mM,no,170527,170601,15:50,16:05,f,no,15,50,425
170601-03-top,39.0,39,538,5.8,naive_100ul_left_quinine_10mM,no,170527,170601,15:50,16:05,m,no,15,50,425
170601-04-bottom,47.0,47,530,7.1,naive_100ul_left_quinine_10mM,no,170527,170601,16:25,16:40,f,no,16,25,460
170601-04-top,49.0,49,548,7.2,naive_100ul_left_quinine_10mM,no,170527,170601,16:25,16:40,f,no,16,25,460
170605-01-bottom,45.0,45,520,6.9,naive_100ul_left_o-cresol_100uM,no,170531,170605,9:45,9:00,m,no,9,45,0
170605-02-bottom,45.0,45,533,6.8,naive_100ul_left_o-cresol_100uM,no,170531,170605,9:20,9:35,f,no,9,20,35
170605-02-top,34.0,34,540,5.0,naive_100ul_left_o-cresol_100uM,no,170531,170605,9:20,9:35,m,no,9,20,35
170605-03-bottom,40.0,40,523,6.1,naive_100ul_left_o-cresol_100uM,no,170531,170605,9:55,10:10,f,no,9,55,70
170605-03-top,44.0,44,546,6.4,naive_100ul_left_o-cresol_100uM,no,170531,170605,9:55,10:10,m,no,9,55,70
170605-04-bottom,39.0,39,530,5.9,naive_100ul_left_o-cresol_100uM,no,170531,170605,10:30,10:45,m,no,10,30,105
170605-04-top,37.0,37,541,5.5,naive_100ul_left_o-cresol_100uM,no,170531,170605,10:30,10:45,m,no,10,30,105
170605-05-bottom,38.0,38,525,5.8,naive_100ul_left_o-cresol_100uM,no,170531,170605,11:10,11:25,m,no,11,10,145
170605-05-top,42.0,42,546,6.2,naive_100ul_left_o-cresol_100uM,no,170531,170605,11:10,11:25,m,no,11,10,145
170605-06-bottom,49.0,49,517,7.6,naive_100ul_left_o-cresol_100uM,no,170531,170605,14:00,14:15,f,no,14,0,315
170605-07-bottom,46.0,46,534,6.9,naive_100ul_left_o-cresol_100uM,no,170531,170605,14:35,14:50,f,no,14,35,350
170605-07-top,38.0,38,535,5.7,naive_100ul_left_o-cresol_100uM,no,170531,170605,14:35,14:50,m,no,14,35,350
170605-08-bottom,49.0,49,532,7.4,naive_100ul_left_o-cresol_100uM,no,170531,170605,15:15,15:30,f,no,15,15,390
170605-08-top,40.0,40,538,5.9,naive_100ul_left_o-cresol_100uM,no,170531,170605,15:15,15:30,m,no,15,15,390
170605-09-bottom,37.0,37,543,5.5,naive_100ul_left_o-cresol_100uM,no,170531,170605,15:50,16:05,m,no,15,50,425
170605-09-top,44.0,44,539,6.5,naive_100ul_left_o-cresol_100uM,no,170531,170605,15:50,16:05,m,no,15,50,425
170605-10-bottom,50.0,50,527,7.6,naive_100ul_left_o-cresol_100uM,no,170531,170605,16:30,16:45,f,no,16,30,465
170605-10-top,40.0,40,550,5.8,naive_100ul_left_o-cresol_100uM,no,170531,170605,16:30,16:45,m,no,16,30,465
170605-11-bottom,43.0,43,520,6.6,naive_100ul_left_o-cresol_100uM,no,170531,170605,17:05,17:20,f,no,17,5,500
170605-11-top,43.0,43,544,6.3,naive_100ul_left_o-cresol_100uM,no,170531,170605,17:05,17:20,m,no,17,5,500
170607-02-bottom,35.0,35,539,5.2,naive_100ul_left_o-cresol_100uM,no,170602,170607,9:11,9:26,m,no,9,11,26
170607-02-top,39.0,39,539,5.8,naive_100ul_left_o-cresol_100uM,no,170602,170607,9:11,9:26,m,no,9,11,26
170607-03-bottom,45.0,45,531,6.8,naive_100ul_left_o-cresol_100uM,no,170602,170607,9:46,10:02,f,no,9,46,62
170607-03-top,44.0,44,540,6.5,naive_100ul_left_o-cresol_100uM,no,170602,170607,9:46,10:02,f,no,9,46,62
170607-04-bottom,39.0,39,521,6.0,naive_100ul_left_o-cresol_100uM,no,170602,170607,10:25,10:40,m,no,10,25,100
170607-04-top,39.0,39,528,5.9,naive_100ul_left_o-cresol_100uM,no,170602,170607,10:25,10:40,f,no,10,25,100
170607-05-bottom,44.0,44,524,6.7,naive_100ul_left_o-cresol_100uM,no,170602,170607,11:00,11:15,f,no,11,0,135
170607-05-top,42.0,42,534,6.3,naive_100ul_left_o-cresol_100uM,no,170602,170607,11:00,11:15,f,no,11,0,135
170607-06-bottom,32.0,32,516,5.0,naive_100ul_left_o-cresol_100uM,no,170602,170607,13:50,14:05,m,no,13,50,305
170607-06-top,44.0,44,536,6.6,naive_100ul_left_o-cresol_100uM,no,170602,170607,13:50,14:05,m,no,13,50,305
170607-07-bottom,43.0,43,521,6.6,naive_100ul_left_o-cresol_100uM,no,170602,170607,14:30,14:45,m,no,14,30,345
170607-07-top,43.0,43,534,6.4,naive_100ul_left_o-cresol_100uM,no,170602,170607,14:30,14:45,m,no,14,30,345
170607-08-bottom,40.0,40,522,6.1,naive_100ul_left_o-cresol_100uM,no,170602,170607,15:05,15:20,m,no,15,5,380
170607-08-top,35.0,35,536,5.2,naive_100ul_left_o-cresol_100uM,no,170602,170607,15:05,15:20,f,no,15,5,380
170607-09-bottom,40.0,40,523,6.1,naive_100ul_left_o-cresol_100uM,no,170602,170607,15:40,15:55,f,no,15,40,415
170607-09-top,48.0,48,536,7.2,naive_100ul_left_o-cresol_100uM,no,170602,170607,15:40,15:55,f,no,15,40,415
170801-01-bottom,38.0,38,521,5.8,naive_100ul_left_indole_100uM,1day,170727,170801,10:50,11:05,f,no,10,50,125
170801-01-top,43.0,43,550,6.3,naive_100ul_left_indole_100uM,1day,170727,170801,10:50,11:05,f,no,10,50,125
170801-02-bottom,42.0,42,524,6.4,naive_100ul_left_indole_100uM,1day,170727,170801,11:20,11:35,f,no,11,20,155
170801-03-bottom,38.0,38,523,5.8,naive_100ul_left_indole_100uM,1day,170727,170801,13:25,13:40,f,no,13,25,280
170801-03-top,45.0,45,546,6.6,naive_100ul_left_indole_100uM,1day,170727,170801,13:25,13:40,f,no,13,25,280
170801-04-bottom,38.0,38,521,5.8,naive_100ul_left_indole_100uM,1day,170727,170801,13:25,14:10,m,no,13,25,310
170801-04-top,43.0,43,545,6.3,naive_100ul_left_indole_100uM,1day,170727,170801,13:55,14:10,f,no,13,55,310
170801-05-top,33.0,33,550,4.8,naive_100ul_left_indole_100uM,1day,170727,170801,15:30,15:45,f,no,15,30,405
170801-06-bottom,38.0,38,535,5.7,naive_100ul_left_indole_100uM,1day,170727,170801,16:04,16:20,m,no,16,4,440
170801-06-top,38.0,38,535,5.7,naive_100ul_left_indole_100uM,1day,170727,170801,16:04,16:20,f,no,16,4,440
170802-02-bottom,32.0,32,532,4.8,naive_100ul_left_indole_100uM,1day,170728,170802,11:02,11:18,m,no,11,2,138
170802-02-top,35.0,35,547,5.1,naive_100ul_left_indole_100uM,1day,170728,170802,11:02,11:18,f,no,11,2,138
170802-03-top,40.0,40,557,5.7,naive_100ul_left_indole_100uM,1day,170728,170802,13:00,13:15,m,no,13,0,255
170802-04-top,38.0,38,543,5.6,naive_100ul_left_indole_100uM,1day,170728,170802,13:35,13:50,m,no,13,35,290
170802-05-bottom,41.0,41,535,6.1,naive_100ul_left_indole_100uM,1day,170728,170802,14:05,14:20,m,no,14,5,320
170802-05-top,40.0,40,560,5.7,naive_100ul_left_indole_100uM,1day,170728,170802,14:05,14:20,f,no,14,5,320
170802-06-top,43.0,43,544,6.3,naive_100ul_left_indole_100uM,1day,170728,170802,14:40,14:55,f,no,14,40,355
170802-07-bottom,44.0,44,549,6.4,naive_100ul_left_indole_100uM,1day,170728,170802,15:12,15:27,f,no,15,12,387
170802-07-top,44.0,44,545,6.5,naive_100ul_left_indole_100uM,1day,170728,170802,15:12,15:27,f,no,15,12,387
170802-08-top,40.0,40,549,5.8,naive_100ul_left_indole_100uM,1day,170728,170802,15:50,16:05,f,no,15,50,425
171011-01-bottom,37.473,37,558,5.4,naive_100ul_left_o-cresol_100uM,1day,171006,171011,14:45,15:00,f,no,14,45,360
171011-01-top,46.571000000000005,47,566,6.6,naive_100ul_left_o-cresol_100uM,1day,171006,171011,14:45,15:00,f,no,14,45,360
171011-02-bottom,49.031000000000006,49,546,7.2,naive_100ul_left_o-cresol_100uM,1day,171006,171011,15:21,15:36,f,no,15,21,396
171011-02-top,47.416000000000004,47,559,6.8,naive_100ul_left_o-cresol_100uM,1day,171006,171011,15:21,15:36,f,no,15,21,396
171011-03-bottom,43.246,43,545,6.3,naive_100ul_left_o-cresol_100uM,1day,171006,171011,15:58,16:13,m,no,15,58,433
171011-03-top,38.461,38,562,5.5,naive_100ul_left_o-cresol_100uM,1day,171006,171011,15:58,16:13,m,no,15,58,433
171011-04-bottom,41.503,42,546,6.1,naive_100ul_left_o-cresol_100uM,1day,171006,171011,16:35,16:50,m,no,16,35,470
171011-04-top,49.06399999999999,49,550,7.1,naive_100ul_left_o-cresol_100uM,1day,171006,171011,16:35,16:50,f,no,16,35,470
171012-01-bottom,42.802,43,539,6.4,naive_100ul_left_o-cresol_100uM,1day,171007,171012,10:44,10:59,m,no,10,44,119
171012-01-top,37.101,37,558,5.3,naive_100ul_left_o-cresol_100uM,1day,171007,171012,10:44,10:59,f,no,10,44,119
171012-02-bottom,47.023999999999994,47,553,6.8,naive_100ul_left_o-cresol_100uM,1day,171007,171012,11:20,11:35,f,no,11,20,155
171012-02-top,36.400999999999996,36,560,5.2,naive_100ul_left_o-cresol_100uM,1day,171007,171012,11:20,11:35,m,no,11,20,155
171012-03-bottom,40.528,41,547,5.9,naive_100ul_left_o-cresol_100uM,1day,171007,171012,11:57,12:12,f,no,11,57,192
171012-03-top,46.669,47,569,6.6,naive_100ul_left_o-cresol_100uM,1day,171007,171012,11:57,12:12,f,no,11,57,192
171012-04-top,39.598,40,558,5.7,naive_100ul_left_o-cresol_100uM,1day,171007,171012,12:33,12:48,m,no,12,33,228
171012-05-top,39.654,40,559,5.7,naive_100ul_left_o-cresol_100uM,1day,171007,171012,13:10,13:25,m,no,13,10,265
171012-06-bottom,47.755,48,549,7.0,naive_100ul_left_o-cresol_100uM,1day,171007,171012,13:48,14:03,f,no,13,48,303
171012-06-top,45.453,45,557,6.5,naive_100ul_left_o-cresol_100uM,1day,171007,171012,13:48,14:03,m,no,13,48,303
171012-07-bottom,43.823,44,547,6.4,naive_100ul_left_o-cresol_100uM,1day,171007,171012,14:25,14:40,f,no,14,25,340
171012-07-top,40.552,41,562,5.8,naive_100ul_left_o-cresol_100uM,1day,171007,171012,14:25,14:40,m,no,14,25,340
171012-08-top,42.202,42,564,6.0,naive_100ul_left_o-cresol_100uM,1day,171007,171012,15:02,15:17,m,no,15,2,377
171012-09-bottom,37.547,38,549,5.5,naive_100ul_left_o-cresol_100uM,1day,171007,171012,15:40,15:55,m,no,15,40,415
171012-09-top,40.942,41,563,5.8,naive_100ul_left_o-cresol_100uM,1day,171007,171012,15:40,15:55,m,no,15,40,415
171012-10-bottom,37.029,37,548,5.4,naive_100ul_left_o-cresol_100uM,1day,171007,171012,16:16,16:31,m,no,16,16,451
171012-10-top,43.823,44,563,6.2,naive_100ul_left_o-cresol_100uM,1day,171007,171012,16:16,16:31,m,no,16,16,451
180523-01-bottom,33.242,33,544,4.9,naive_100ul_left_quinine_10mM,1day,180518,180523,10:00,10:15,m,no,10,0,75
180523-01-top,32.948,33,549,4.8,naive_100ul_left_quinine_10mM,1day,180518,180523,10:00,10:15,m,no,10,0,75
180523-02-bottom,32.209,32,536,4.8,naive_100ul_left_quinine_10mM,1day,180518,180523,10:35,10:50,m,no,10,35,110
180523-02-top,39.878,40,527,6.1,naive_100ul_left_quinine_10mM,1day,180518,180523,10:35,10:50,f,no,10,35,110
180523-03-bottom,37.454,37,537,5.6,naive_100ul_left_quinine_10mM,1day,180518,180523,11:10,11:25,f,no,11,10,145
180523-03-top,34.907,35,554,5.0,naive_100ul_left_quinine_10mM,1day,180518,180523,11:10,11:25,f,no,11,10,145
180523-04-bottom,40.078,40,535,6.0,naive_100ul_left_quinine_10mM,1day,180518,180523,11:46,12:01,f,no,11,46,181
180523-04-top,38.539,39,554,5.6,naive_100ul_left_quinine_10mM,1day,180518,180523,11:46,12:01,m,no,11,46,181
180524-01-bottom,41.7,42,537,6.2,naive_100ul_left_quinine_10mM,1day,180519,180524,10:15,10:30,f,no,10,15,90
180524-01-top,35.723,36,562,5.1,naive_100ul_left_quinine_10mM,1day,180519,180524,10:15,10:30,f,no,10,15,90
180524-02-top,42.606,43,548,6.2,naive_100ul_left_quinine_10mM,1day,180519,180524,10:50,11:05,f,no,10,50,125
180524-03-bottom,40.012,40,543,5.9,naive_100ul_left_quinine_10mM,1day,180519,180524,13:11,13:26,f,no,13,11,266
180524-03-top,41.8,42,563,5.9,naive_100ul_left_quinine_10mM,1day,180519,180524,13:11,13:26,f,no,13,11,266
180524-04-bottom,38.552,39,547,5.6,naive_100ul_left_quinine_10mM,1day,180519,180524,14:45,15:00,m,no,14,45,360
180524-04-top,42.854,43,544,6.3,naive_100ul_left_quinine_10mM,1day,180519,180524,14:45,15:00,f,no,14,45,360
180524-05-bottom,36.503,37,541,5.4,naive_100ul_left_quinine_10mM,1day,180519,180524,15:20,15:35,m,no,15,20,395
180524-05-top,42.101000000000006,42,546,6.2,naive_100ul_left_quinine_10mM,1day,180519,180524,15:20,15:35,m,no,15,20,395
180524-06-bottom,39.195,39,531,5.9,naive_100ul_left_quinine_10mM,1day,180519,180524,15:55,16:10,f,no,15,55,430
180524-06-top,41.246,41,557,5.9,naive_100ul_left_quinine_10mM,1day,180519,180524,15:55,16:10,f,no,15,55,430
180529-01-bottom,47.755,48,543,7.0,naive_100ul_left_indole_10mM,no,180524,180529,09:48,10:03,m,no,9,48,63
180529-01-top,42.512,43,565,6.0,naive_100ul_left_indole_10mM,no,180524,180529,09:48,10:03,m,no,9,48,63
180529-02-bottom,44.365,44,549,6.5,naive_100ul_left_indole_10mM,no,180524,180529,10:55,11:10,f,no,10,55,130
180529-02-top,44.503,45,553,6.4,naive_100ul_left_indole_10mM,no,180524,180529,10:55,11:10,m,no,10,55,130
180529-03-bottom,40.311,40,536,6.0,naive_100ul_left_indole_10mM,no,180524,180529,11:30,11:45,m,no,11,30,165
180529-03-top,53.151,53,553,7.7,naive_100ul_left_indole_10mM,no,180524,180529,11:30,11:45,f,no,11,30,165
180529-04-bottom,39.579,40,540,5.9,naive_100ul_left_indole_10mM,1day,180524,180529,13:00,13:15,f,no,13,0,255
180529-04-top,42.547,43,565,6.0,naive_100ul_left_indole_10mM,1day,180524,180529,13:00,13:15,f,no,13,0,255
180529-05-bottom,41.967,42,550,6.1,naive_100ul_left_indole_10mM,1day,180524,180529,13:35,13:50,m,no,13,35,290
180529-05-top,45.255,45,552,6.6,naive_100ul_left_indole_10mM,1day,180524,180529,13:35,13:50,f,no,13,35,290
180529-06-top,41.743,42,548,6.1,naive_100ul_left_indole_10mM,1day,180524,180529,14:33,14:48,m,no,14,33,348
180529-07-bottom,37.047,37,548,5.4,naive_100ul_left_indole_10mM,1day,180524,180529,15:10,15:25,m,no,15,10,385
180529-08-bottom,42.217,42,539,6.3,naive_100ul_left_indole_10mM,1day,180524,180529,15:45,16:00,m,no,15,45,420
180529-08-top,44.821999999999996,45,558,6.4,naive_100ul_left_indole_10mM,1day,180524,180529,15:45,16:00,m,no,15,45,420
180529-09-bottom,37.805,38,543,5.6,naive_100ul_left_indole_10mM,1day,180524,180529,16:20,16:35,m,no,16,20,455
180529-09-top,39.532,40,544,5.8,naive_100ul_left_indole_10mM,1day,180524,180529,16:20,16:35,m,no,16,20,455
180529-10-bottom,40.900999999999996,41,544,6.0,naive_100ul_left_indole_10mM,1day,180524,180529,16:55,17:10,f,no,16,55,490
180529-10-top,39.067,39,546,5.7,naive_100ul_left_indole_10mM,1day,180524,180529,16:55,17:10,m,no,16,55,490
180530-01-bottom,38.965,39,543,5.7,naive_100ul_left_indole_10mM,no,180525,180530,09:40,09:55,m,no,9,40,55
180530-02-bottom,46.114,46,535,6.9,naive_100ul_left_indole_10mM,no,180525,180530,10:15,10:30,f,no,10,15,90
180530-02-top,45.773999999999994,46,559,6.6,naive_100ul_left_indole_10mM,no,180525,180530,10:15,10:30,m,no,10,15,90
180530-03-bottom,49.663999999999994,50,550,7.2,naive_100ul_left_indole_10mM,no,180525,180530,10:50,11:05,f,no,10,50,125
180530-03-top,37.95,38,545,5.6,naive_100ul_left_indole_10mM,no,180525,180530,10:50,11:05,f,no,10,50,125
180530-04-bottom,45.708,46,556,6.6,naive_100ul_left_indole_10mM,no,180525,180530,11:25,11:40,m,no,11,25,160
180530-04-top,43.863,44,556,6.3,naive_100ul_left_indole_10mM,no,180525,180530,11:25,11:40,m,no,11,25,160
180530-05-bottom,42.898,43,547,6.3,naive_100ul_left_indole_10mM,no,180525,180530,12:50,13:05,m,no,12,50,245
180530-05-top,43.832,44,549,6.4,naive_100ul_left_indole_10mM,no,180525,180530,12:50,13:05,m,no,12,50,245
180530-06-bottom,43.026,43,548,6.3,naive_100ul_left_indole_10mM,no,180525,180530,13:25,13:40,m,no,13,25,280
180530-06-top,45.277,45,547,6.6,naive_100ul_left_indole_10mM,no,180525,180530,13:25,13:40,m,no,13,25,280
180530-07-bottom,44.525,45,536,6.6,naive_100ul_left_indole_10mM,1day,180525,180530,14:55,15:10,f,no,14,55,370
180530-07-top,39.369,39,556,5.7,naive_100ul_left_indole_10mM,1day,180525,180530,14:55,15:10,m,no,14,55,370
180530-08-top,44.635,45,557,6.4,naive_100ul_left_indole_10mM,1day,180525,180530,15:30,15:45,f,no,15,30,405
180530-09-bottom,41.11,41,547,6.0,naive_100ul_left_indole_10mM,1day,180525,180530,16:05,16:20,f,no,16,5,440
180530-09-top,43.303999999999995,43,551,6.3,naive_100ul_left_indole_10mM,1day,180525,180530,16:05,16:20,m,no,16,5,440
180530-10-bottom,42.793,43,534,6.4,naive_100ul_left_indole_10mM,1day,180525,180530,16:40,16:55,m,no,16,40,475
180530-10-top,42.573,43,559,6.1,naive_100ul_left_indole_10mM,1day,180525,180530,16:40,16:55,m,no,16,40,475
180531-01-bottom,38.968,39,529,5.9,naive_100ul_left_yeastRNA_1gL,1day,180526,180531,15:15,15:30,m,no,15,15,390
180531-01-top,38.917,39,547,5.7,naive_100ul_left_yeastRNA_1gL,1day,180526,180531,15:15,15:30,m,no,15,15,390
180531-02-bottom,40.265,40,544,5.9,naive_100ul_left_yeastRNA_1gL,1day,180526,180531,16:10,16:25,m,no,16,10,445
180531-02-top,40.205999999999996,40,545,5.9,naive_100ul_left_yeastRNA_1gL,1day,180526,180531,16:10,16:25,f,no,16,10,445
180531-03-bottom,39.601,40,534,5.9,naive_100ul_left_yeastRNA_1gL,1day,180526,180531,16:45,17:00,m,no,16,45,480
180531-03-top,41.012,41,556,5.9,naive_100ul_left_yeastRNA_1gL,1day,180526,180531,16:45,17:00,f,no,16,45,480
180601-01-bottom,37.635999999999996,38,538,5.6,naive_100ul_left_yeastRNA_1gL,1day,180531,180601,10:32,10:47,m,no,10,32,107
180601-02-bottom,40.311,40,533,6.1,naive_100ul_left_yeastRNA_1gL,1day,180531,180601,11:05,11:20,m,no,11,5,140
180601-03-bottom,37.577,38,541,5.6,naive_100ul_left_yeastRNA_1gL,1day,180531,180601,11:45,12:00,m,no,11,45,180
180601-03-top,43.931999999999995,44,557,6.3,naive_100ul_left_yeastRNA_1gL,1day,180531,180601,11:45,12:00,f,no,11,45,180
180601-04-bottom,40.771,41,536,6.1,naive_100ul_left_yeastRNA_1gL,1day,180531,180601,12:35,12:50,m,no,12,35,230
180601-04-top,44.503,45,561,6.3,naive_100ul_left_yeastRNA_1gL,1day,180531,180601,12:35,12:50,m,no,12,35,230
180601-05-bottom,41.067,41,532,6.2,naive_100ul_left_yeastRNA_1gL,1day,180531,180601,13:10,13:25,m,no,13,10,265
180601-05-top,40.650999999999996,41,558,5.8,naive_100ul_left_yeastRNA_1gL,1day,180531,180601,13:10,13:25,m,no,13,10,265
180601-06-bottom,33.135999999999996,33,529,5.0,naive_100ul_left_yeastRNA_1gL,1day,180531,180601,13:45,14:00,m,no,13,45,300
180601-06-top,41.1,41,560,5.9,naive_100ul_left_yeastRNA_1gL,1day,180531,180601,13:45,14:00,m,no,13,45,300
180601-07-bottom,44.5,45,546,6.5,naive_100ul_left_yeastRNA_1gL,1day,180531,180601,14:20,14:35,f,no,14,20,335
180601-07-top,41.4,41,548,6.0,naive_100ul_left_yeastRNA_1gL,1day,180531,180601,14:20,14:35,m,no,14,20,335
180608-01-bottom,46.481,46,544,6.8,naive_100ul_left_yeastRNA_1gL,no,180603,180608,10:50,11:05,m,no,10,50,125
180608-01-top,41.575,42,546,6.1,naive_100ul_left_yeastRNA_1gL,no,180603,180608,10:50,11:05,m,no,10,50,125
180608-02-bottom,39.906,40,535,6.0,naive_100ul_left_yeastRNA_1gL,no,180603,180608,11:25,11:40,m,no,11,25,160
180608-02-top,43.073,43,559,6.2,naive_100ul_left_yeastRNA_1gL,no,180603,180608,11:25,11:40,m,no,11,25,160
180608-03-bottom,43.96,44,546,6.4,naive_100ul_left_yeastRNA_1gL,no,180603,180608,12:00,12:15,m,no,12,0,195
180608-03-top,43.732,44,549,6.4,naive_100ul_left_yeastRNA_1gL,no,180603,180608,12:00,12:15,m,no,12,0,195
180608-04-bottom,44.051,44,549,6.4,naive_100ul_left_yeastRNA_1gL,no,180603,180608,13:22,13:37,m,no,13,22,277
180608-04-top,41.163999999999994,41,550,6.0,naive_100ul_left_yeastRNA_1gL,no,180603,180608,13:22,13:37,m,no,13,22,277
180608-05-bottom,40.746,41,536,6.1,naive_100ul_left_yeastRNA_1gL,no,180603,180608,13:57,14:12,m,no,13,57,312
180608-05-top,40.577,41,559,5.8,naive_100ul_left_yeastRNA_1gL,no,180603,180608,13:57,14:12,m,no,13,57,312
180608-06-bottom,45.011,45,537,6.7,naive_100ul_left_yeastRNA_1gL,no,180603,180608,14:32,14:47,f,no,14,32,347
180608-06-top,45.7,46,559,6.5,naive_100ul_left_yeastRNA_1gL,no,180603,180608,14:32,14:47,m,no,14,32,347
180608-07-bottom,46.907,47,548,6.8,naive_100ul_left_yeastRNA_1gL,no,180603,180608,16:05,16:20,f,no,16,5,440
180608-07-top,49.739,50,558,7.1,naive_100ul_left_yeastRNA_1gL,no,180603,180608,16:05,16:20,f,no,16,5,440
180608-08-bottom,42.714,43,548,6.2,naive_100ul_left_yeastRNA_1gL,no,180603,180608,16:40,16:55,m,no,16,40,475
180608-08-top,35.672,36,549,5.2,naive_100ul_left_yeastRNA_1gL,no,180603,180608,16:40,16:55,m,no,16,40,475
180608-09-bottom,44.028,44,541,6.5,naive_100ul_left_yeastRNA_1gL,no,180603,180608,17:15,17:30,f,no,17,15,510
180608-09-top,37.313,37,556,5.4,naive_100ul_left_yeastRNA_1gL,no,180603,180608,17:15,17:30,m,no,17,15,510
180608-10-bottom,48.479,48,550,7.1,naive_100ul_left_yeastRNA_1gL,no,180603,180608,17:50,18:05,f,no,17,50,545
180608-10-top,39.013000000000005,39,552,5.7,naive_100ul_left_yeastRNA_1gL,no,180603,180608,17:50,18:05,m,no,17,50,545
180612-01-bottom,37.656,38,542,5.6,naive_100ul_left_food_extract,no,180607,180612,13:30,13:45,m,no,13,30,285
180612-01-top,46.543,47,548,6.8,naive_100ul_left_food_extract,no,180607,180612,13:30,13:45,m,no,13,30,285
180612-02-bottom,43.661,44,536,6.5,naive_100ul_left_food_extract,no,180607,180612,14:05,14:20,f,no,14,5,320
180612-02-top,45.547,46,557,6.5,naive_100ul_left_food_extract,no,180607,180612,14:05,14:20,m,no,14,5,320
180612-03-bottom,37.62,38,544,5.5,naive_100ul_left_food_extract,no,180607,180612,14:40,14:55,m,no,14,40,355
180612-03-top,42.426,42,549,6.2,naive_100ul_left_food_extract,no,180607,180612,14:40,14:55,f,no,14,40,355
180612-04-bottom,41.967,42,548,6.1,naive_100ul_left_food_extract,no,180607,180612,15:15,15:30,m,no,15,15,390
180612-04-top,49.518,50,553,7.2,naive_100ul_left_food_extract,no,180607,180612,15:15,15:30,m,no,15,15,390
180612-05-bottom,33.0,33,534,4.9,naive_100ul_left_food_extract,1day,180607,180612,15:50,16:05,f,no,15,50,425
180612-05-top,39.013000000000005,39,557,5.6,naive_100ul_left_food_extract,1day,180607,180612,15:50,16:05,m,no,15,50,425
180612-06-bottom,37.165,37,545,5.5,naive_100ul_left_food_extract,1day,180607,180612,16:25,16:40,m,no,16,25,460
180612-06-top,44.365,44,547,6.5,naive_100ul_left_food_extract,1day,180607,180612,16:25,16:40,f,no,16,25,460
180612-07-bottom,42.406000000000006,42,539,6.3,naive_100ul_left_food_extract,1day,180607,180612,17:00,17:15,f,no,17,0,495
180612-07-top,44.138999999999996,44,555,6.4,naive_100ul_left_food_extract,1day,180607,180612,17:00,17:15,f,no,17,0,495
180612-08-bottom,43.141999999999996,43,546,6.3,naive_100ul_left_food_extract,1day,180607,180612,17:35,17:50,f,no,17,35,530
180612-08-top,42.526,43,551,6.2,naive_100ul_left_food_extract,1day,180607,180612,17:35,17:50,f,no,17,35,530
180613-01-bottom,51.266000000000005,51,544,7.5,naive_100ul_left_food_extract,no,180608,180613,14:15,14:30,f,no,14,15,330
180613-01-top,45.177,45,547,6.6,naive_100ul_left_food_extract,no,180608,180613,14:15,14:30,m,no,14,15,330
180613-02-bottom,40.205,40,542,5.9,naive_100ul_left_food_extract,no,180608,180613,14:50,15:05,m,no,14,50,365
180613-02-top,47.676,48,558,6.8,naive_100ul_left_food_extract,no,180608,180613,14:50,15:05,f,no,14,50,365
180613-03-bottom,41.382,41,544,6.1,naive_100ul_left_food_extract,no,180608,180613,15:25,15:40,m,no,15,25,400
180613-03-top,44.847,45,551,6.5,naive_100ul_left_food_extract,no,180608,180613,15:25,15:40,m,no,15,25,400
180613-04-bottom,40.271,40,538,6.0,naive_100ul_left_food_extract,1day,180608,180613,16:00,16:15,m,no,16,0,435
180613-04-top,44.23,44,562,6.3,naive_100ul_left_food_extract,1day,180608,180613,16:00,16:15,f,no,16,0,435
180613-05-bottom,38.451,38,544,5.7,naive_100ul_left_food_extract,1day,180608,180613,16:35,16:50,m,no,16,35,470
180613-05-top,41.173,41,549,6.0,naive_100ul_left_food_extract,1day,180608,180613,16:35,16:50,m,no,16,35,470
180613-06-bottom,44.06,44,538,6.6,naive_100ul_left_food_extract,1day,180608,180613,17:10,17:25,m,no,17,10,505
180613-06-top,42.933,43,557,6.2,naive_100ul_left_food_extract,1day,180608,180613,17:10,17:25,m,no,17,10,505
180613-07-top,45.401,45,550,6.6,naive_100ul_left_food_extract,1day,180608,180613,17:45,18:00,m,no,17,45,540
180614-01-bottom,41.027,41,548,6.0,naive_100ul_left_food_extract,no,180609,180614,12:55,13:10,m,no,12,55,250
180614-01-top,40.041,40,548,5.8,naive_100ul_left_food_extract,no,180609,180614,12:55,13:10,m,no,12,55,250
180614-02-top,44.81399999999999,45,558,6.4,naive_100ul_left_food_extract,no,180609,180614,13:30,13:45,m,no,13,30,285
180614-03-bottom,38.897,39,548,5.7,naive_100ul_left_food_extract,no,180609,180614,14:05,14:20,m,no,14,5,320
180614-03-top,39.966,40,558,5.7,naive_100ul_left_food_extract,no,180609,180614,14:05,14:20,m,no,14,5,320
180614-04-bottom,38.138000000000005,38,538,5.7,naive_100ul_left_food_extract,1day,180609,180614,14:40,14:55,m,no,14,40,355
180614-04-top,43.523,44,557,6.3,naive_100ul_left_food_extract,1day,180609,180614,14:40,14:55,m,no,14,40,355
180614-05-bottom,33.504,34,542,4.9,naive_100ul_left_food_extract,1day,180609,180614,15:15,15:30,m,no,15,15,390
180614-05-top,41.503,42,552,6.0,naive_100ul_left_food_extract,1day,180609,180614,15:15,15:30,m,no,15,15,390
180822-01-top,43.081,43,552,6.2,naive_100ul_left_milliQ_water,1day,180817,180821,15:30,15:45,m,no,15,30,405
180822-02-bottom,40.446999999999996,40,550,5.8,naive_100ul_left_milliQ_water,1day,180817,180821,16:10,16:25,m,no,16,10,445
180822-02-top,38.949,39,552,5.7,naive_100ul_left_milliQ_water,1day,180817,180821,16:10,16:25,m,no,16,10,445
180822-03-bottom,41.037,41,553,5.9,naive_100ul_left_milliQ_water,1day,180817,180821,16:45,17:00,m,no,16,45,480
180822-03-top,38.118,38,560,5.4,naive_100ul_left_milliQ_water,1day,180817,180821,16:45,17:00,m,no,16,45,480
180822-04-bottom,40.311,40,543,5.9,naive_100ul_left_milliQ_water,1day,180817,180821,17:15,17:30,m,no,17,15,510
180822-04-top,43.18600000000001,43,563,6.1,naive_100ul_left_milliQ_water,1day,180817,180821,17:15,17:30,m,no,17,15,510
180822-05-top,38.275,38,556,5.5,naive_100ul_left_milliQ_water,1day,180817,180821,17:50,18:05,m,no,17,50,545
180822-06-bottom,34.482,34,545,5.0,naive_100ul_left_milliQ_water,1day,180817,180821,18:20,18:35,f,no,18,20,575
180822-06-top,41.11,41,563,5.8,naive_100ul_left_milliQ_water,1day,180817,180821,18:20,18:35,f,no,18,20,575
180822-07-bottom,41.869,42,554,6.1,naive_100ul_left_milliQ_water,1day,180817,180821,19:00,19:15,f,no,19,0,615
180822-07-top,38.949,39,559,5.6,naive_100ul_left_milliQ_water,1day,180817,180821,19:00,19:15,m,no,19,0,615
180822-08-bottom,36.359,36,544,5.3,naive_100ul_left_milliQ_water,1day,180817,180821,19:35,19:50,m,no,19,35,650
180822-08-top,38.639,39,562,5.6,naive_100ul_left_milliQ_water,1day,180817,180821,19:35,19:50,m,no,19,35,650
180822-09-bottom,42.059,42,553,6.1,naive_100ul_left_milliQ_water,1day,180817,180821,20:05,20:20,f,no,20,5,680
180822-09-top,39.217,39,556,5.6,naive_100ul_left_milliQ_water,1day,180817,180821,20:05,20:20,f,no,20,5,680
